2022플라이하이KPOP,2022.1.24,2022.1.24,https://www.m-i.kr/news/photo/202201/893160_660713_4514.jpg,4,40000
2022Weverse Con,2022.12.31,2022.12.31,https://img.mbn.co.kr/filewww/news/other/2021/12/07/112640202222.jpg,2,100000
2022조용필&위대한탄생,2022.12.4,2022.12.4,https://tkfile.yes24.com/upload2/PerfBlog/202210/20221018/20221018-43844.jpg,4,80000
2022타임캡슐 슈퍼콘서트,2022.7.16,2022.7.16,https://cdn.eyesmag.com/content/uploads/sliderImages/2022/01/27/SE-SO-NEON-2022-LIVE-01-bac4b5df-031b-4084-8a12-cd311d558402.jpg,2,60000
2022 주요공연 라인업,2022.1.19,2022.1.19,https://images.khan.co.kr/article/2022/05/11/l_2022051102000649200120181.jpg,4,50000
SE SO NEON 2022 LIVE,2022.2.25,2022.2.27,https://ticketimage.interpark.com/PlayDictionary/DATA/PlayDic/PlayDicUpload/Magazine/2022/01/03_142848.jpg,3.333333333,40000
2022파워풀 대구 K-POP,2022.10.9,2022.10.9,https://image.toast.com/aaaaab/ticketlink/TKL_1/k-pop_221001.jpg,3.333333333,80000
First Love 콘서트,2022.4.16,2022.4.16,https://tkfile.yes24.com/upload2/PerfBlog/202203/20220322/20220322-41707.jpg,3.333333333,60000
BTS PERPESSION TO DANCE,2022.3.10,2022.3.12,https://file.mk.co.kr/meet/neds/2022/02/image_readtop_2022_145752_16449735454948075.jpg,3.333333333,40000
 2022 SF9 LIVE FANTASY #3 IMPERFECT,2022.1.21,2022.1.23,https://cdn.ggilbo.com/news/photo/202208/926664_758654_3119.png,3.333333333,40000
2022년 The e-끌림 콘서트,2022.1.27,2022.1.27,https://fncent.com/files/2021/12/24/8ec7f4864c159a51cc67e50fa4ae6d35135813.jpg,3.333333333,70000
아이유의 단독 콘서트 ‘The Golden Hour :,2022.9.17,2022.9.19,https://file.newswire.co.kr/data/datafile2/thumb_640/2022/01/3529986855_20220112163508_2841189713.jpg,3.333333333,30000
2022 인문학콘서트Ⅰ-영화의 모든 것,2022.4.7,2022.4.7,https://img.seoul.co.kr//img/upload/2022/02/18/SSI_20220218151321.jpg,3.333333333,60000
2022 임영웅 콘서트 [IM HERO] 앵콜,2022.12.10,2022.12.12,https://culture.seoul.go.kr/cmmn/file/imageSrc.do?fileStreCours=35367259ca6485b8ea26e64a6b235a538d785fcac65fb99fe8c7e7c67147e0c1&streFileNm=7a408eea7cabf1ce0bf508c7a4494e8c4200ca52209836814279c2c87fbc6042,3.333333333,60000
위클래식’ 2022년 콘서트,2022.1.22,2022.1.25,https://tkfile.yes24.com/upload2/PerfBlog/202210/20221026/20221026-43825.jpg,3.333333333,60000
2022 드림콘서트,2022.6.18,2022.6.18,https://cdn.mhns.co.kr/news/photo/202111/516734_625159_842.png,3.333333333,30000
인천 K-POP 콘서트,2022.10.1,2022.10.1,https://image.ytn.co.kr/general/jpg/2022/0425/202204251748092852_d.jpg,3.333333333,60000
2022 WINNER 콘서트,2022.4.30,2022.5.1,https://image.toast.com/aaaaab/ticketlink/TKL_5/ink_web_ko_220906.jpg,3.333333333,90000
아이유의 단독 콘서트 ‘The Golden Hour :,2022.9.17,2022.9.19,https://cdn.mhns.co.kr/news/photo/202206/529451_641030_2741.jpg,3.333333333,40000
2022 ICON 콘서트,2022.6.25,2022.6.26,https://file.mk.co.kr/meet/neds/2022/04/image_readtop_2022_309597_16492933925000460.jpg,3.333333333,60000
2022 장민호&이찬원 콘서트,2022.5.6,2022.5.8,https://t.011st.com/imgUpload/Down/Perf/202210/1518aa11-ad5b-41e1-834c-e88246ff896a.png,3.333333333,70000
2023플라이하이KPOP,2022.6.25,2022.6.26,https://cdn.woman.chosun.com/news/photo/202204/97493_80315_043.jpg,3.333333333,30000
2023Weverse Con,2022.5.6,2022.5.8,https://blog.kakaocdn.net/dn/O9QUD/btrEovApVld/CDkRWOkh3VHeKCDKIhdsk0/img.png,3.333333333,50000
2023조용필&위대한탄생,2022.6.25,2022.6.26,https://cdn.topstarnews.net/news/photo/202205/14693005_795767_1839.jpg,3.333333333,50000
2023타임캡슐 슈퍼콘서트,2022.5.6,2022.5.8,https://cdn.gametoc.co.kr/news/photo/202209/68615_213194_1519.jpg,3.333333333,90000
2023 주요공연 라인업,2022.6.25,2022.6.26,https://img.hankyung.com/photo/202208/43e29fc3457fedc2488636698c4f0a26.jpg,3.333333333,50000
SE SO NEON 2023 LIVE,2022.5.6,2022.5.8,https://blog.kakaocdn.net/dn/bNObfg/btrMkfYBaYD/u1f6bk9ME7YMwcbp5NVZGk/img.jpg,3.333333333,60000
2023파워풀 대구 K-POP,2022.6.25,2022.6.26,https://imgmmw.mbn.co.kr/storage/news/2022/01/19/dad888d4881f7cf571ee996b7e09583f.jpg,3.333333333,80000
First Love 콘서트,2022.5.6,2022.5.8,https://www.koit.co.kr/news/photo/202301/108268_60543_5238.jpg,3.333333333,70000
BTS PERPESSION TO DANCE,2022.6.25,2022.6.26,https://cdn.gukjenews.com/news/photo/202212/2616867_2628465_4728.jpg,3.333333333,60000
 2022 SF9 LIVE FANTASY #4 IMPERFECT,2022.5.6,2022.5.8,https://mblogthumb-phinf.pstatic.net/MjAyMjA5MDJfNDMg/MDAxNjYyMDk5NzI2NDIx.anukaCD-wvpb9krjy-QbgXDQBTQ7DmXJteLQ2BQAXQEg.qEoPTPWJfVFJx5vl-CQZb9Mw8vZoY2NBG8XmIFTid2wg.JPEG.discoverincheon/(%ED%99%8D%EB%B3%B4%EC%9A%A9)%EC%A0%9C13%ED%9A%8C_INK%EC%BD%98%EC%84%9C%ED%8A%B8_%ED%82%A4%EB%B9%84%EC%A3%BC%EC%96%BC_%EC%B6%9C%EC%97%B0%EC%A7%84_%ED%91%9C%EA%B8%B0%EC%97%86%EC%9D%8C(220901144416).jpg?type=w800,3.333333333,50000
2023년 The e-끌림 콘서트,2022.6.25,2022.6.26,https://www.sejongpac.or.kr/cmmn/file/linkedxmlImg.do?performIdx=33519,3.333333333,70000
아이유의 단독 콘서트 ‘The Golden Hour :,2022.5.6,2022.5.8,https://www.incheon.go.kr/data/editor/20220106/202201061627329561.jpg,3.333333333,60000
2023 인문학콘서트Ⅰ-영화의 모든 것,2022.6.25,2022.6.26,https://cdn.eyesmag.com/content/uploads/sliderImages/2022/01/27/SE-SO-NEON-2022-LIVE-02-e59b9974-7123-4d8f-9e2a-1d950922e6d6.jpg,3.333333333,70000
2023 임영웅 콘서트 [IM HERO] 앵콜,2022.5.6,2022.5.8,https://img.hankyung.com/photo/202210/01.31554335.1.jpg,3.333333333,40000
위클래식’ 2023년 콘서트,2022.6.25,2022.6.26,https://talkimg.imbc.com/TVianUpload/tvian/TViews/image/2022/04/19/5fe50387-5d63-4198-bbac-244b5513c045.jpg,3.333333333,60000
2023 드림콘서트,2022.5.6,2022.5.8,https://cdn.shopify.com/s/files/1/0702/2837/7893/files/L200002677____2022_Blu-ray.jpg?v=1683529428,3.333333333,90000
인천 K-POP 콘서트,2022.6.25,2022.6.26,https://playgwangju.co.kr/data/file/concert/989889322_gXZcVWK4_82a589c4afefac4135db8a3478f99f8a57698067.jpg,3.333333333,70000
2023 WINNER 콘서트,2022.5.6,2022.5.8,https://cdn.ggilbo.com/news/photo/202208/927256_759300_343.jpg,3.333333333,70000
아이유의 단독 콘서트 ‘The Golden Hour :,2022.6.25,2022.6.26,https://i.ytimg.com/vi/qLh_McTTGGQ/maxresdefault.jpg,3.333333333,40000
2023 ICON 콘서트,2022.5.6,2022.5.8,https://cdn.ksilbo.co.kr/news/photo/202201/923409_519851_2942.jpg,3.333333333,50000
2023 장민호&이찬원 콘서트,2022.6.25,2022.6.26,https://image.toast.com/aaaaab/ticketlink/TKL_4/junsu_poster_0228.jpg,3.333333333,50000
2024플라이하이KPOP,2022.5.6,2022.5.8,https://image.newsis.com/2022/10/04/NISI20221004_0001099575_web.jpg,3.333333333,50000
